Type,Name,Request Count,Failure Count,Median Response Time,Average Response Time,Min Response Time,Max Response Time,Average Content Size,Requests/s,Failures/s,50%,66%,75%,80%,90%,95%,98%,99%,99.9%,99.99%,100%
GET,/,5753,1381,114000.0,93888.01729221908,61.22768700151937,191030.17235300285,416.45332869807055,16.824215459198438,4.038630549131417,114000,122000,129000,130000,131000,137000,152000,172000,191000,191000,191000
POST,/predict,1887,433,111000.0,92206.3938473513,3036.4380790015275,193019.28896499885,56.249072602013776,5.518389461412733,1.2662759071498217,111000,123000,129000,130000,131000,137000,153000,172000,193000,193000,193000
,Aggregated,7640,1814,114000.0,93472.67390995944,61.22768700151937,193019.28896499885,327.4866492146597,22.342604920611173,5.304906456281239,114000,122000,129000,130000,131000,137000,153000,172000,191000,193000,193000
